Classifier1,Classifier2,Classifier3,Classifier4,UsingID,sw_age_min,sw_age_max,hw_age_min,hw_age_max,MinYearsSinceDist,MaxYearsSinceDist,LastDistTypeID,MinTotBiomassC,MaxTotBiomassC,MinSWMerchBiomassC,MaxSWMerchBiomassC,MinHWMerchBiomassC,MaxHWMerchBiomassC,MinTotalStemSnagC,MaxTotalStemSnagC,MinSWStemSnagC,MaxSWStemSnagC,MinHWStemSnagC,MaxHWStemSnagC,MinTotalStemSnagMerchC,MaxTotalStemSnagMerchC,MinSWMerchStemSnagC,MaxSWMerchStemSnagC,MinHWMerchStemSnagC,MaxHWMerchStemSnagC,Efficiency,SortType,MeasureType,Amount,DistTypeID,Year
NFSitka_mineral,A,mineral,YC17_20,False,0,210,0,210,-1,-1,-1,-1,-1,-1,-1,-1,-1,-1,-1,-1,-1,-1,-1,-1,-1,-1,-1,-1,-1,1,3,A,187.84570152712325,DISTID4,1
NFSitka_mineral,A,mineral,YC20_24,False,0,210,0,210,-1,-1,-1,-1,-1,-1,-1,-1,-1,-1,-1,-1,-1,-1,-1,-1,-1,-1,-1,-1,-1,1,3,A,16393.501910901992,DISTID4,1
NFSitka_mineral,A,mineral,YC24_30,False,0,210,0,210,-1,-1,-1,-1,-1,-1,-1,-1,-1,-1,-1,-1,-1,-1,-1,-1,-1,-1,-1,-1,-1,1,3,A,13512.175800372836,DISTID4,1
NFSGB_mineral,A,mineral,YC6,False,0,210,0,210,-1,-1,-1,-1,-1,-1,-1,-1,-1,-1,-1,-1,-1,-1,-1,-1,-1,-1,-1,-1,-1,1,3,A,51593.09573778897,DISTID4,1
NFSitka_mineral,A,mineral,YC17_20,False,0,210,0,210,-1,-1,-1,-1,-1,-1,-1,-1,-1,-1,-1,-1,-1,-1,-1,-1,-1,-1,-1,-1,-1,1,3,A,187.84570152712325,DISTID4,2
NFSitka_mineral,A,mineral,YC20_24,False,0,210,0,210,-1,-1,-1,-1,-1,-1,-1,-1,-1,-1,-1,-1,-1,-1,-1,-1,-1,-1,-1,-1,-1,1,3,A,16393.501910901992,DISTID4,2
NFSitka_mineral,A,mineral,YC24_30,False,0,210,0,210,-1,-1,-1,-1,-1,-1,-1,-1,-1,-1,-1,-1,-1,-1,-1,-1,-1,-1,-1,-1,-1,1,3,A,13512.175800372836,DISTID4,2
NFSGB_mineral,A,mineral,YC6,False,0,210,0,210,-1,-1,-1,-1,-1,-1,-1,-1,-1,-1,-1,-1,-1,-1,-1,-1,-1,-1,-1,-1,-1,1,3,A,51593.09573778897,DISTID4,2
NFSGB_mineral,A,mineral,YC6,False,0,210,0,210,-1,-1,-1,-1,-1,-1,-1,-1,-1,-1,-1,-1,-1,-1,-1,-1,-1,-1,-1,-1,-1,1,3,A,51593.09573778897,DISTID4,3
NFSitka_mineral,A,mineral,YC24_30,False,0,210,0,210,-1,-1,-1,-1,-1,-1,-1,-1,-1,-1,-1,-1,-1,-1,-1,-1,-1,-1,-1,-1,-1,1,3,A,13512.175800372836,DISTID4,3
NFSitka_mineral,A,mineral,YC17_20,False,0,210,0,210,-1,-1,-1,-1,-1,-1,-1,-1,-1,-1,-1,-1,-1,-1,-1,-1,-1,-1,-1,-1,-1,1,3,A,187.84570152712325,DISTID4,3
NFSitka_mineral,A,mineral,YC20_24,False,0,210,0,210,-1,-1,-1,-1,-1,-1,-1,-1,-1,-1,-1,-1,-1,-1,-1,-1,-1,-1,-1,-1,-1,1,3,A,16393.501910901992,DISTID4,3
NFSitka_mineral,A,mineral,YC17_20,False,0,210,0,210,-1,-1,-1,-1,-1,-1,-1,-1,-1,-1,-1,-1,-1,-1,-1,-1,-1,-1,-1,-1,-1,1,3,A,187.84570152712325,DISTID4,4
NFSitka_mineral,A,mineral,YC20_24,False,0,210,0,210,-1,-1,-1,-1,-1,-1,-1,-1,-1,-1,-1,-1,-1,-1,-1,-1,-1,-1,-1,-1,-1,1,3,A,16393.501910901992,DISTID4,4
NFSitka_mineral,A,mineral,YC24_30,False,0,210,0,210,-1,-1,-1,-1,-1,-1,-1,-1,-1,-1,-1,-1,-1,-1,-1,-1,-1,-1,-1,-1,-1,1,3,A,13512.175800372836,DISTID4,4
NFSGB_mineral,A,mineral,YC6,False,0,210,0,210,-1,-1,-1,-1,-1,-1,-1,-1,-1,-1,-1,-1,-1,-1,-1,-1,-1,-1,-1,-1,-1,1,3,A,51593.09573778897,DISTID4,4
NFSitka_mineral,A,mineral,YC17_20,False,0,210,0,210,-1,-1,-1,-1,-1,-1,-1,-1,-1,-1,-1,-1,-1,-1,-1,-1,-1,-1,-1,-1,-1,1,3,A,187.84570152712325,DISTID4,5
NFSitka_mineral,A,mineral,YC20_24,False,0,210,0,210,-1,-1,-1,-1,-1,-1,-1,-1,-1,-1,-1,-1,-1,-1,-1,-1,-1,-1,-1,-1,-1,1,3,A,16393.501910901992,DISTID4,5
NFSitka_mineral,A,mineral,YC24_30,False,0,210,0,210,-1,-1,-1,-1,-1,-1,-1,-1,-1,-1,-1,-1,-1,-1,-1,-1,-1,-1,-1,-1,-1,1,3,A,13512.175800372836,DISTID4,5
NFSGB_mineral,A,mineral,YC6,False,0,210,0,210,-1,-1,-1,-1,-1,-1,-1,-1,-1,-1,-1,-1,-1,-1,-1,-1,-1,-1,-1,-1,-1,1,3,A,51593.09573778897,DISTID4,5
NFSGB_mineral,A,mineral,YC6,False,0,210,0,210,-1,-1,-1,-1,-1,-1,-1,-1,-1,-1,-1,-1,-1,-1,-1,-1,-1,-1,-1,-1,-1,1,3,A,51593.09573778897,DISTID4,6
NFSitka_mineral,A,mineral,YC24_30,False,0,210,0,210,-1,-1,-1,-1,-1,-1,-1,-1,-1,-1,-1,-1,-1,-1,-1,-1,-1,-1,-1,-1,-1,1,3,A,13512.175800372836,DISTID4,6
NFSitka_mineral,A,mineral,YC20_24,False,0,210,0,210,-1,-1,-1,-1,-1,-1,-1,-1,-1,-1,-1,-1,-1,-1,-1,-1,-1,-1,-1,-1,-1,1,3,A,16393.501910901992,DISTID4,6
NFSitka_mineral,A,mineral,YC17_20,False,0,210,0,210,-1,-1,-1,-1,-1,-1,-1,-1,-1,-1,-1,-1,-1,-1,-1,-1,-1,-1,-1,-1,-1,1,3,A,187.84570152712325,DISTID4,6
NFSitka_mineral,A,mineral,YC17_20,False,0,210,0,210,-1,-1,-1,-1,-1,-1,-1,-1,-1,-1,-1,-1,-1,-1,-1,-1,-1,-1,-1,-1,-1,1,3,A,187.84570152712325,DISTID4,7
NFSitka_mineral,A,mineral,YC20_24,False,0,210,0,210,-1,-1,-1,-1,-1,-1,-1,-1,-1,-1,-1,-1,-1,-1,-1,-1,-1,-1,-1,-1,-1,1,3,A,16393.501910901992,DISTID4,7
NFSitka_mineral,A,mineral,YC24_30,False,0,210,0,210,-1,-1,-1,-1,-1,-1,-1,-1,-1,-1,-1,-1,-1,-1,-1,-1,-1,-1,-1,-1,-1,1,3,A,13512.175800372836,DISTID4,7
NFSGB_mineral,A,mineral,YC6,False,0,210,0,210,-1,-1,-1,-1,-1,-1,-1,-1,-1,-1,-1,-1,-1,-1,-1,-1,-1,-1,-1,-1,-1,1,3,A,51593.09573778897,DISTID4,7
NFSitka_mineral,A,mineral,YC17_20,False,0,210,0,210,-1,-1,-1,-1,-1,-1,-1,-1,-1,-1,-1,-1,-1,-1,-1,-1,-1,-1,-1,-1,-1,1,3,A,187.84570152712325,DISTID4,8
NFSitka_mineral,A,mineral,YC20_24,False,0,210,0,210,-1,-1,-1,-1,-1,-1,-1,-1,-1,-1,-1,-1,-1,-1,-1,-1,-1,-1,-1,-1,-1,1,3,A,16393.501910901992,DISTID4,8
NFSitka_mineral,A,mineral,YC24_30,False,0,210,0,210,-1,-1,-1,-1,-1,-1,-1,-1,-1,-1,-1,-1,-1,-1,-1,-1,-1,-1,-1,-1,-1,1,3,A,13512.175800372836,DISTID4,8
NFSGB_mineral,A,mineral,YC6,False,0,210,0,210,-1,-1,-1,-1,-1,-1,-1,-1,-1,-1,-1,-1,-1,-1,-1,-1,-1,-1,-1,-1,-1,1,3,A,51593.09573778897,DISTID4,8
NFSGB_mineral,A,mineral,YC6,False,0,210,0,210,-1,-1,-1,-1,-1,-1,-1,-1,-1,-1,-1,-1,-1,-1,-1,-1,-1,-1,-1,-1,-1,1,3,A,51593.09573778897,DISTID4,9
NFSitka_mineral,A,mineral,YC24_30,False,0,210,0,210,-1,-1,-1,-1,-1,-1,-1,-1,-1,-1,-1,-1,-1,-1,-1,-1,-1,-1,-1,-1,-1,1,3,A,13512.175800372836,DISTID4,9
NFSitka_mineral,A,mineral,YC17_20,False,0,210,0,210,-1,-1,-1,-1,-1,-1,-1,-1,-1,-1,-1,-1,-1,-1,-1,-1,-1,-1,-1,-1,-1,1,3,A,187.84570152712325,DISTID4,9
NFSitka_mineral,A,mineral,YC20_24,False,0,210,0,210,-1,-1,-1,-1,-1,-1,-1,-1,-1,-1,-1,-1,-1,-1,-1,-1,-1,-1,-1,-1,-1,1,3,A,16393.501910901992,DISTID4,9
NFSitka_mineral,A,mineral,YC17_20,False,0,210,0,210,-1,-1,-1,-1,-1,-1,-1,-1,-1,-1,-1,-1,-1,-1,-1,-1,-1,-1,-1,-1,-1,1,3,A,187.84570152712325,DISTID4,10
NFSitka_mineral,A,mineral,YC20_24,False,0,210,0,210,-1,-1,-1,-1,-1,-1,-1,-1,-1,-1,-1,-1,-1,-1,-1,-1,-1,-1,-1,-1,-1,1,3,A,16393.501910901992,DISTID4,10
NFSitka_mineral,A,mineral,YC24_30,False,0,210,0,210,-1,-1,-1,-1,-1,-1,-1,-1,-1,-1,-1,-1,-1,-1,-1,-1,-1,-1,-1,-1,-1,1,3,A,13512.175800372836,DISTID4,10
NFSGB_mineral,A,mineral,YC6,False,0,210,0,210,-1,-1,-1,-1,-1,-1,-1,-1,-1,-1,-1,-1,-1,-1,-1,-1,-1,-1,-1,-1,-1,1,3,A,51593.09573778897,DISTID4,10
SGB,L,mineral,YC6,False,10,33,10,33,5,-1,-1,-1,-1,-1,-1,-1,-1,-1,-1,-1,-1,-1,-1,-1,-1,-1,-1,-1,-1,1,3,A,25796.547868894486,DISTID2,11
Sitka,L,mineral,YC24_30,False,10,26,10,26,4,-1,-1,-1,-1,-1,-1,-1,-1,-1,-1,-1,-1,-1,-1,-1,-1,-1,-1,-1,-1,1,3,A,1703.4815402526133,DISTID2,11
Sitka,L,mineral,YC20_24,False,10,27,10,27,4,-1,-1,-1,-1,-1,-1,-1,-1,-1,-1,-1,-1,-1,-1,-1,-1,-1,-1,-1,-1,1,3,A,2066.730650776978,DISTID2,11
Sitka,L,mineral,YC17_20,False,10,33,10,33,3,-1,-1,-1,-1,-1,-1,-1,-1,-1,-1,-1,-1,-1,-1,-1,-1,-1,-1,-1,-1,1,3,A,23.68172896021877,DISTID2,11
NFSGB_mineral,A,mineral,YC6,False,0,210,0,210,-1,-1,-1,-1,-1,-1,-1,-1,-1,-1,-1,-1,-1,-1,-1,-1,-1,-1,-1,-1,-1,1,3,A,51593.09573778897,DISTID4,11
NFSitka_mineral,A,mineral,YC20_24,False,0,210,0,210,-1,-1,-1,-1,-1,-1,-1,-1,-1,-1,-1,-1,-1,-1,-1,-1,-1,-1,-1,-1,-1,1,3,A,16393.501910901992,DISTID4,11
NFSitka_mineral,A,mineral,YC17_20,False,0,210,0,210,-1,-1,-1,-1,-1,-1,-1,-1,-1,-1,-1,-1,-1,-1,-1,-1,-1,-1,-1,-1,-1,1,3,A,187.84570152712325,DISTID4,11
NFSitka_mineral,A,mineral,YC24_30,False,0,210,0,210,-1,-1,-1,-1,-1,-1,-1,-1,-1,-1,-1,-1,-1,-1,-1,-1,-1,-1,-1,-1,-1,1,3,A,13512.175800372836,DISTID4,11
SGB,L,mineral,YC6,False,10,33,10,33,5,-1,-1,-1,-1,-1,-1,-1,-1,-1,-1,-1,-1,-1,-1,-1,-1,-1,-1,-1,-1,1,3,A,25796.547868894486,DISTID2,12
Sitka,L,mineral,YC24_30,False,10,26,10,26,4,-1,-1,-1,-1,-1,-1,-1,-1,-1,-1,-1,-1,-1,-1,-1,-1,-1,-1,-1,-1,1,3,A,1703.4815402526133,DISTID2,12
Sitka,L,mineral,YC20_24,False,10,27,10,27,4,-1,-1,-1,-1,-1,-1,-1,-1,-1,-1,-1,-1,-1,-1,-1,-1,-1,-1,-1,-1,1,3,A,2066.730650776978,DISTID2,12
NFSitka_mineral,A,mineral,YC17_20,False,0,210,0,210,-1,-1,-1,-1,-1,-1,-1,-1,-1,-1,-1,-1,-1,-1,-1,-1,-1,-1,-1,-1,-1,1,3,A,187.84570152712325,DISTID4,12
NFSGB_mineral,A,mineral,YC6,False,0,210,0,210,-1,-1,-1,-1,-1,-1,-1,-1,-1,-1,-1,-1,-1,-1,-1,-1,-1,-1,-1,-1,-1,1,3,A,51593.09573778897,DISTID4,12
NFSitka_mineral,A,mineral,YC24_30,False,0,210,0,210,-1,-1,-1,-1,-1,-1,-1,-1,-1,-1,-1,-1,-1,-1,-1,-1,-1,-1,-1,-1,-1,1,3,A,13512.175800372836,DISTID4,12
NFSitka_mineral,A,mineral,YC20_24,False,0,210,0,210,-1,-1,-1,-1,-1,-1,-1,-1,-1,-1,-1,-1,-1,-1,-1,-1,-1,-1,-1,-1,-1,1,3,A,16393.501910901992,DISTID4,12
Sitka,L,mineral,YC17_20,False,10,33,10,33,3,-1,-1,-1,-1,-1,-1,-1,-1,-1,-1,-1,-1,-1,-1,-1,-1,-1,-1,-1,-1,1,3,A,23.68172896021877,DISTID2,12
NFSitka_mineral,A,mineral,YC24_30,False,0,210,0,210,-1,-1,-1,-1,-1,-1,-1,-1,-1,-1,-1,-1,-1,-1,-1,-1,-1,-1,-1,-1,-1,1,3,A,13512.175800372836,DISTID4,13
NFSitka_mineral,A,mineral,YC20_24,False,0,210,0,210,-1,-1,-1,-1,-1,-1,-1,-1,-1,-1,-1,-1,-1,-1,-1,-1,-1,-1,-1,-1,-1,1,3,A,16393.501910901992,DISTID4,13
NFSitka_mineral,A,mineral,YC17_20,False,0,210,0,210,-1,-1,-1,-1,-1,-1,-1,-1,-1,-1,-1,-1,-1,-1,-1,-1,-1,-1,-1,-1,-1,1,3,A,187.84570152712325,DISTID4,13
Sitka,L,mineral,YC17_20,False,10,33,10,33,3,-1,-1,-1,-1,-1,-1,-1,-1,-1,-1,-1,-1,-1,-1,-1,-1,-1,-1,-1,-1,1,3,A,23.68172896021877,DISTID2,13
Sitka,L,mineral,YC20_24,False,10,27,10,27,4,-1,-1,-1,-1,-1,-1,-1,-1,-1,-1,-1,-1,-1,-1,-1,-1,-1,-1,-1,-1,1,3,A,2066.730650776978,DISTID2,13
Sitka,L,mineral,YC24_30,False,10,26,10,26,4,-1,-1,-1,-1,-1,-1,-1,-1,-1,-1,-1,-1,-1,-1,-1,-1,-1,-1,-1,-1,1,3,A,1703.4815402526133,DISTID2,13
SGB,L,mineral,YC6,False,10,33,10,33,5,-1,-1,-1,-1,-1,-1,-1,-1,-1,-1,-1,-1,-1,-1,-1,-1,-1,-1,-1,-1,1,3,A,25796.547868894486,DISTID2,13
NFSGB_mineral,A,mineral,YC6,False,0,210,0,210,-1,-1,-1,-1,-1,-1,-1,-1,-1,-1,-1,-1,-1,-1,-1,-1,-1,-1,-1,-1,-1,1,3,A,51593.09573778897,DISTID4,13
SGB,L,mineral,YC6,False,10,33,10,33,5,-1,-1,-1,-1,-1,-1,-1,-1,-1,-1,-1,-1,-1,-1,-1,-1,-1,-1,-1,-1,1,3,A,25796.547868894486,DISTID2,14
Sitka,L,mineral,YC17_20,False,10,33,10,33,3,-1,-1,-1,-1,-1,-1,-1,-1,-1,-1,-1,-1,-1,-1,-1,-1,-1,-1,-1,-1,1,3,A,23.68172896021877,DISTID2,14
Sitka,L,mineral,YC20_24,False,10,27,10,27,4,-1,-1,-1,-1,-1,-1,-1,-1,-1,-1,-1,-1,-1,-1,-1,-1,-1,-1,-1,-1,1,3,A,2066.730650776978,DISTID2,14
Sitka,L,mineral,YC24_30,False,10,26,10,26,4,-1,-1,-1,-1,-1,-1,-1,-1,-1,-1,-1,-1,-1,-1,-1,-1,-1,-1,-1,-1,1,3,A,1703.4815402526133,DISTID2,14
NFSitka_mineral,A,mineral,YC17_20,False,0,210,0,210,-1,-1,-1,-1,-1,-1,-1,-1,-1,-1,-1,-1,-1,-1,-1,-1,-1,-1,-1,-1,-1,1,3,A,187.84570152712325,DISTID4,14
NFSitka_mineral,A,mineral,YC20_24,False,0,210,0,210,-1,-1,-1,-1,-1,-1,-1,-1,-1,-1,-1,-1,-1,-1,-1,-1,-1,-1,-1,-1,-1,1,3,A,16393.501910901992,DISTID4,14
NFSitka_mineral,A,mineral,YC24_30,False,0,210,0,210,-1,-1,-1,-1,-1,-1,-1,-1,-1,-1,-1,-1,-1,-1,-1,-1,-1,-1,-1,-1,-1,1,3,A,13512.175800372836,DISTID4,14
NFSGB_mineral,A,mineral,YC6,False,0,210,0,210,-1,-1,-1,-1,-1,-1,-1,-1,-1,-1,-1,-1,-1,-1,-1,-1,-1,-1,-1,-1,-1,1,3,A,51593.09573778897,DISTID4,14
Sitka,L,mineral,YC24_30,False,10,26,10,26,4,-1,-1,-1,-1,-1,-1,-1,-1,-1,-1,-1,-1,-1,-1,-1,-1,-1,-1,-1,-1,1,3,A,1703.4815402526133,DISTID2,15
NFSitka_mineral,A,mineral,YC17_20,False,0,210,0,210,-1,-1,-1,-1,-1,-1,-1,-1,-1,-1,-1,-1,-1,-1,-1,-1,-1,-1,-1,-1,-1,1,3,A,187.84570152712325,DISTID4,15
NFSitka_mineral,A,mineral,YC20_24,False,0,210,0,210,-1,-1,-1,-1,-1,-1,-1,-1,-1,-1,-1,-1,-1,-1,-1,-1,-1,-1,-1,-1,-1,1,3,A,16393.501910901992,DISTID4,15
NFSitka_mineral,A,mineral,YC24_30,False,0,210,0,210,-1,-1,-1,-1,-1,-1,-1,-1,-1,-1,-1,-1,-1,-1,-1,-1,-1,-1,-1,-1,-1,1,3,A,13512.175800372836,DISTID4,15
NFSGB_mineral,A,mineral,YC6,False,0,210,0,210,-1,-1,-1,-1,-1,-1,-1,-1,-1,-1,-1,-1,-1,-1,-1,-1,-1,-1,-1,-1,-1,1,3,A,51593.09573778897,DISTID4,15
Sitka,L,mineral,YC17_20,False,10,33,10,33,3,-1,-1,-1,-1,-1,-1,-1,-1,-1,-1,-1,-1,-1,-1,-1,-1,-1,-1,-1,-1,1,3,A,23.68172896021877,DISTID2,15
Sitka,L,mineral,YC20_24,False,10,27,10,27,4,-1,-1,-1,-1,-1,-1,-1,-1,-1,-1,-1,-1,-1,-1,-1,-1,-1,-1,-1,-1,1,3,A,2066.730650776978,DISTID2,15
SGB,L,mineral,YC6,False,10,33,10,33,5,-1,-1,-1,-1,-1,-1,-1,-1,-1,-1,-1,-1,-1,-1,-1,-1,-1,-1,-1,-1,1,3,A,25796.547868894486,DISTID2,15
NFSGB_mineral,A,mineral,YC6,False,0,210,0,210,-1,-1,-1,-1,-1,-1,-1,-1,-1,-1,-1,-1,-1,-1,-1,-1,-1,-1,-1,-1,-1,1,3,A,51593.09573778897,DISTID4,16
NFSitka_mineral,A,mineral,YC17_20,False,0,210,0,210,-1,-1,-1,-1,-1,-1,-1,-1,-1,-1,-1,-1,-1,-1,-1,-1,-1,-1,-1,-1,-1,1,3,A,187.84570152712325,DISTID4,16
Sitka,L,mineral,YC17_20,False,10,33,10,33,3,-1,-1,-1,-1,-1,-1,-1,-1,-1,-1,-1,-1,-1,-1,-1,-1,-1,-1,-1,-1,1,3,A,23.68172896021877,DISTID2,16
Sitka,L,mineral,YC20_24,False,10,27,10,27,4,-1,-1,-1,-1,-1,-1,-1,-1,-1,-1,-1,-1,-1,-1,-1,-1,-1,-1,-1,-1,1,3,A,2066.730650776978,DISTID2,16
SGB,L,mineral,YC6,False,10,33,10,33,5,-1,-1,-1,-1,-1,-1,-1,-1,-1,-1,-1,-1,-1,-1,-1,-1,-1,-1,-1,-1,1,3,A,25796.547868894486,DISTID2,16
NFSitka_mineral,A,mineral,YC24_30,False,0,210,0,210,-1,-1,-1,-1,-1,-1,-1,-1,-1,-1,-1,-1,-1,-1,-1,-1,-1,-1,-1,-1,-1,1,3,A,13512.175800372836,DISTID4,16
Sitka,L,mineral,YC24_30,False,10,26,10,26,4,-1,-1,-1,-1,-1,-1,-1,-1,-1,-1,-1,-1,-1,-1,-1,-1,-1,-1,-1,-1,1,3,A,1703.4815402526133,DISTID2,16
NFSitka_mineral,A,mineral,YC20_24,False,0,210,0,210,-1,-1,-1,-1,-1,-1,-1,-1,-1,-1,-1,-1,-1,-1,-1,-1,-1,-1,-1,-1,-1,1,3,A,16393.501910901992,DISTID4,16
Sitka,L,mineral,YC17_20,False,10,33,10,33,3,-1,-1,-1,-1,-1,-1,-1,-1,-1,-1,-1,-1,-1,-1,-1,-1,-1,-1,-1,-1,1,3,A,23.68172896021877,DISTID2,17
Sitka,L,mineral,YC20_24,False,10,27,10,27,4,-1,-1,-1,-1,-1,-1,-1,-1,-1,-1,-1,-1,-1,-1,-1,-1,-1,-1,-1,-1,1,3,A,2066.730650776978,DISTID2,17
Sitka,L,mineral,YC24_30,False,10,26,10,26,4,-1,-1,-1,-1,-1,-1,-1,-1,-1,-1,-1,-1,-1,-1,-1,-1,-1,-1,-1,-1,1,3,A,1703.4815402526133,DISTID2,17
SGB,L,mineral,YC6,False,10,33,10,33,5,-1,-1,-1,-1,-1,-1,-1,-1,-1,-1,-1,-1,-1,-1,-1,-1,-1,-1,-1,-1,1,3,A,25796.547868894486,DISTID2,17
NFSitka_mineral,A,mineral,YC24_30,False,0,210,0,210,-1,-1,-1,-1,-1,-1,-1,-1,-1,-1,-1,-1,-1,-1,-1,-1,-1,-1,-1,-1,-1,1,3,A,13512.175800372836,DISTID4,17
NFSitka_mineral,A,mineral,YC20_24,False,0,210,0,210,-1,-1,-1,-1,-1,-1,-1,-1,-1,-1,-1,-1,-1,-1,-1,-1,-1,-1,-1,-1,-1,1,3,A,16393.501910901992,DISTID4,17
NFSitka_mineral,A,mineral,YC17_20,False,0,210,0,210,-1,-1,-1,-1,-1,-1,-1,-1,-1,-1,-1,-1,-1,-1,-1,-1,-1,-1,-1,-1,-1,1,3,A,187.84570152712325,DISTID4,17
NFSGB_mineral,A,mineral,YC6,False,0,210,0,210,-1,-1,-1,-1,-1,-1,-1,-1,-1,-1,-1,-1,-1,-1,-1,-1,-1,-1,-1,-1,-1,1,3,A,51593.09573778897,DISTID4,17
NFSitka_mineral,A,mineral,YC20_24,False,0,210,0,210,-1,-1,-1,-1,-1,-1,-1,-1,-1,-1,-1,-1,-1,-1,-1,-1,-1,-1,-1,-1,-1,1,3,A,16393.501910901992,DISTID4,18
Sitka,L,mineral,YC17_20,False,10,33,10,33,3,-1,-1,-1,-1,-1,-1,-1,-1,-1,-1,-1,-1,-1,-1,-1,-1,-1,-1,-1,-1,1,3,A,23.68172896021877,DISTID2,18
Sitka,L,mineral,YC20_24,False,10,27,10,27,4,-1,-1,-1,-1,-1,-1,-1,-1,-1,-1,-1,-1,-1,-1,-1,-1,-1,-1,-1,-1,1,3,A,2066.730650776978,DISTID2,18
Sitka,L,mineral,YC24_30,False,10,26,10,26,4,-1,-1,-1,-1,-1,-1,-1,-1,-1,-1,-1,-1,-1,-1,-1,-1,-1,-1,-1,-1,1,3,A,1703.4815402526133,DISTID2,18
NFSGB_mineral,A,mineral,YC6,False,0,210,0,210,-1,-1,-1,-1,-1,-1,-1,-1,-1,-1,-1,-1,-1,-1,-1,-1,-1,-1,-1,-1,-1,1,3,A,51593.09573778897,DISTID4,18
NFSitka_mineral,A,mineral,YC24_30,False,0,210,0,210,-1,-1,-1,-1,-1,-1,-1,-1,-1,-1,-1,-1,-1,-1,-1,-1,-1,-1,-1,-1,-1,1,3,A,13512.175800372836,DISTID4,18
NFSitka_mineral,A,mineral,YC17_20,False,0,210,0,210,-1,-1,-1,-1,-1,-1,-1,-1,-1,-1,-1,-1,-1,-1,-1,-1,-1,-1,-1,-1,-1,1,3,A,187.84570152712325,DISTID4,18
SGB,L,mineral,YC6,False,10,33,10,33,5,-1,-1,-1,-1,-1,-1,-1,-1,-1,-1,-1,-1,-1,-1,-1,-1,-1,-1,-1,-1,1,3,A,25796.547868894486,DISTID2,18
Sitka,L,mineral,YC17_20,False,10,33,10,33,3,-1,-1,-1,-1,-1,-1,-1,-1,-1,-1,-1,-1,-1,-1,-1,-1,-1,-1,-1,-1,1,3,A,23.68172896021877,DISTID2,19
Sitka,L,mineral,YC20_24,False,10,27,10,27,4,-1,-1,-1,-1,-1,-1,-1,-1,-1,-1,-1,-1,-1,-1,-1,-1,-1,-1,-1,-1,1,3,A,2066.730650776978,DISTID2,19
SGB,L,mineral,YC6,False,10,33,10,33,5,-1,-1,-1,-1,-1,-1,-1,-1,-1,-1,-1,-1,-1,-1,-1,-1,-1,-1,-1,-1,1,3,A,25796.547868894486,DISTID2,19
NFSitka_mineral,A,mineral,YC20_24,False,0,210,0,210,-1,-1,-1,-1,-1,-1,-1,-1,-1,-1,-1,-1,-1,-1,-1,-1,-1,-1,-1,-1,-1,1,3,A,16393.501910901992,DISTID4,19
Sitka,L,mineral,YC24_30,False,10,26,10,26,4,-1,-1,-1,-1,-1,-1,-1,-1,-1,-1,-1,-1,-1,-1,-1,-1,-1,-1,-1,-1,1,3,A,1703.4815402526133,DISTID2,19
NFSGB_mineral,A,mineral,YC6,False,0,210,0,210,-1,-1,-1,-1,-1,-1,-1,-1,-1,-1,-1,-1,-1,-1,-1,-1,-1,-1,-1,-1,-1,1,3,A,51593.09573778897,DISTID4,19
NFSitka_mineral,A,mineral,YC24_30,False,0,210,0,210,-1,-1,-1,-1,-1,-1,-1,-1,-1,-1,-1,-1,-1,-1,-1,-1,-1,-1,-1,-1,-1,1,3,A,13512.175800372836,DISTID4,19
NFSitka_mineral,A,mineral,YC17_20,False,0,210,0,210,-1,-1,-1,-1,-1,-1,-1,-1,-1,-1,-1,-1,-1,-1,-1,-1,-1,-1,-1,-1,-1,1,3,A,187.84570152712325,DISTID4,19
NFSGB_mineral,A,mineral,YC6,False,0,210,0,210,-1,-1,-1,-1,-1,-1,-1,-1,-1,-1,-1,-1,-1,-1,-1,-1,-1,-1,-1,-1,-1,1,3,A,51593.09573778897,DISTID4,20
NFSitka_mineral,A,mineral,YC24_30,False,0,210,0,210,-1,-1,-1,-1,-1,-1,-1,-1,-1,-1,-1,-1,-1,-1,-1,-1,-1,-1,-1,-1,-1,1,3,A,13512.175800372836,DISTID4,20
NFSitka_mineral,A,mineral,YC20_24,False,0,210,0,210,-1,-1,-1,-1,-1,-1,-1,-1,-1,-1,-1,-1,-1,-1,-1,-1,-1,-1,-1,-1,-1,1,3,A,16393.501910901992,DISTID4,20
NFSitka_mineral,A,mineral,YC17_20,False,0,210,0,210,-1,-1,-1,-1,-1,-1,-1,-1,-1,-1,-1,-1,-1,-1,-1,-1,-1,-1,-1,-1,-1,1,3,A,187.84570152712325,DISTID4,20
Sitka,L,mineral,YC17_20,False,10,33,10,33,3,-1,-1,-1,-1,-1,-1,-1,-1,-1,-1,-1,-1,-1,-1,-1,-1,-1,-1,-1,-1,1,3,A,23.68172896021877,DISTID2,20
Sitka,L,mineral,YC20_24,False,10,27,10,27,4,-1,-1,-1,-1,-1,-1,-1,-1,-1,-1,-1,-1,-1,-1,-1,-1,-1,-1,-1,-1,1,3,A,2066.730650776978,DISTID2,20
Sitka,L,mineral,YC24_30,False,10,26,10,26,4,-1,-1,-1,-1,-1,-1,-1,-1,-1,-1,-1,-1,-1,-1,-1,-1,-1,-1,-1,-1,1,3,A,1703.4815402526133,DISTID2,20
SGB,L,mineral,YC6,False,10,33,10,33,5,-1,-1,-1,-1,-1,-1,-1,-1,-1,-1,-1,-1,-1,-1,-1,-1,-1,-1,-1,-1,1,3,A,25796.547868894486,DISTID2,20
NFSitka_mineral,A,mineral,YC17_20,False,0,210,0,210,-1,-1,-1,-1,-1,-1,-1,-1,-1,-1,-1,-1,-1,-1,-1,-1,-1,-1,-1,-1,-1,1,3,A,187.84570152712325,DISTID4,21
NFSGB_mineral,A,mineral,YC6,False,0,210,0,210,-1,-1,-1,-1,-1,-1,-1,-1,-1,-1,-1,-1,-1,-1,-1,-1,-1,-1,-1,-1,-1,1,3,A,51593.09573778897,DISTID4,21
Sitka,L,mineral,YC17_20,False,10,33,10,33,3,-1,-1,-1,-1,-1,-1,-1,-1,-1,-1,-1,-1,-1,-1,-1,-1,-1,-1,-1,-1,1,3,A,23.68172896021877,DISTID2,21
NFSitka_mineral,A,mineral,YC20_24,False,0,210,0,210,-1,-1,-1,-1,-1,-1,-1,-1,-1,-1,-1,-1,-1,-1,-1,-1,-1,-1,-1,-1,-1,1,3,A,16393.501910901992,DISTID4,21
Sitka,L,mineral,YC24_30,False,10,26,10,26,4,-1,-1,-1,-1,-1,-1,-1,-1,-1,-1,-1,-1,-1,-1,-1,-1,-1,-1,-1,-1,1,3,A,1703.4815402526133,DISTID2,21
Sitka,L,mineral,YC20_24,False,10,27,10,27,4,-1,-1,-1,-1,-1,-1,-1,-1,-1,-1,-1,-1,-1,-1,-1,-1,-1,-1,-1,-1,1,3,A,2066.730650776978,DISTID2,21
NFSitka_mineral,A,mineral,YC24_30,False,0,210,0,210,-1,-1,-1,-1,-1,-1,-1,-1,-1,-1,-1,-1,-1,-1,-1,-1,-1,-1,-1,-1,-1,1,3,A,13512.175800372836,DISTID4,21
SGB,L,mineral,YC6,False,10,33,10,33,5,-1,-1,-1,-1,-1,-1,-1,-1,-1,-1,-1,-1,-1,-1,-1,-1,-1,-1,-1,-1,1,3,A,25796.547868894486,DISTID2,21
Sitka,L,mineral,YC20_24,False,10,27,10,27,4,-1,-1,-1,-1,-1,-1,-1,-1,-1,-1,-1,-1,-1,-1,-1,-1,-1,-1,-1,-1,1,3,A,2066.730650776978,DISTID2,22
Sitka,L,mineral,YC17_20,False,10,33,10,33,3,-1,-1,-1,-1,-1,-1,-1,-1,-1,-1,-1,-1,-1,-1,-1,-1,-1,-1,-1,-1,1,3,A,23.68172896021877,DISTID2,22
NFSGB_mineral,A,mineral,YC6,False,0,210,0,210,-1,-1,-1,-1,-1,-1,-1,-1,-1,-1,-1,-1,-1,-1,-1,-1,-1,-1,-1,-1,-1,1,3,A,51593.09573778897,DISTID4,22
NFSitka_mineral,A,mineral,YC24_30,False,0,210,0,210,-1,-1,-1,-1,-1,-1,-1,-1,-1,-1,-1,-1,-1,-1,-1,-1,-1,-1,-1,-1,-1,1,3,A,13512.175800372836,DISTID4,22
NFSitka_mineral,A,mineral,YC17_20,False,0,210,0,210,-1,-1,-1,-1,-1,-1,-1,-1,-1,-1,-1,-1,-1,-1,-1,-1,-1,-1,-1,-1,-1,1,3,A,187.84570152712325,DISTID4,22
NFSitka_mineral,A,mineral,YC20_24,False,0,210,0,210,-1,-1,-1,-1,-1,-1,-1,-1,-1,-1,-1,-1,-1,-1,-1,-1,-1,-1,-1,-1,-1,1,3,A,16393.501910901992,DISTID4,22
SGB,L,mineral,YC6,False,10,33,10,33,5,-1,-1,-1,-1,-1,-1,-1,-1,-1,-1,-1,-1,-1,-1,-1,-1,-1,-1,-1,-1,1,3,A,25796.547868894486,DISTID2,22
Sitka,L,mineral,YC24_30,False,10,26,10,26,4,-1,-1,-1,-1,-1,-1,-1,-1,-1,-1,-1,-1,-1,-1,-1,-1,-1,-1,-1,-1,1,3,A,1703.4815402526133,DISTID2,22
Sitka,L,mineral,YC24_30,False,10,26,10,26,4,-1,-1,-1,-1,-1,-1,-1,-1,-1,-1,-1,-1,-1,-1,-1,-1,-1,-1,-1,-1,1,3,A,1703.4815402526133,DISTID2,23
NFSGB_mineral,A,mineral,YC6,False,0,210,0,210,-1,-1,-1,-1,-1,-1,-1,-1,-1,-1,-1,-1,-1,-1,-1,-1,-1,-1,-1,-1,-1,1,3,A,51593.09573778897,DISTID4,23
Sitka,L,mineral,YC20_24,False,10,27,10,27,4,-1,-1,-1,-1,-1,-1,-1,-1,-1,-1,-1,-1,-1,-1,-1,-1,-1,-1,-1,-1,1,3,A,2066.730650776978,DISTID2,23
Sitka,L,mineral,YC17_20,False,10,33,10,33,3,-1,-1,-1,-1,-1,-1,-1,-1,-1,-1,-1,-1,-1,-1,-1,-1,-1,-1,-1,-1,1,3,A,23.68172896021877,DISTID2,23
NFSitka_mineral,A,mineral,YC17_20,False,0,210,0,210,-1,-1,-1,-1,-1,-1,-1,-1,-1,-1,-1,-1,-1,-1,-1,-1,-1,-1,-1,-1,-1,1,3,A,187.84570152712325,DISTID4,23
NFSitka_mineral,A,mineral,YC20_24,False,0,210,0,210,-1,-1,-1,-1,-1,-1,-1,-1,-1,-1,-1,-1,-1,-1,-1,-1,-1,-1,-1,-1,-1,1,3,A,16393.501910901992,DISTID4,23
SGB,L,mineral,YC6,False,10,33,10,33,5,-1,-1,-1,-1,-1,-1,-1,-1,-1,-1,-1,-1,-1,-1,-1,-1,-1,-1,-1,-1,1,3,A,25796.547868894486,DISTID2,23
NFSitka_mineral,A,mineral,YC24_30,False,0,210,0,210,-1,-1,-1,-1,-1,-1,-1,-1,-1,-1,-1,-1,-1,-1,-1,-1,-1,-1,-1,-1,-1,1,3,A,13512.175800372836,DISTID4,23
NFSitka_mineral,A,mineral,YC24_30,False,0,210,0,210,-1,-1,-1,-1,-1,-1,-1,-1,-1,-1,-1,-1,-1,-1,-1,-1,-1,-1,-1,-1,-1,1,3,A,13512.175800372836,DISTID4,24
NFSitka_mineral,A,mineral,YC20_24,False,0,210,0,210,-1,-1,-1,-1,-1,-1,-1,-1,-1,-1,-1,-1,-1,-1,-1,-1,-1,-1,-1,-1,-1,1,3,A,16393.501910901992,DISTID4,24
NFSGB_mineral,A,mineral,YC6,False,0,210,0,210,-1,-1,-1,-1,-1,-1,-1,-1,-1,-1,-1,-1,-1,-1,-1,-1,-1,-1,-1,-1,-1,1,3,A,51593.09573778897,DISTID4,24
Sitka,L,mineral,YC24_30,False,10,26,10,26,4,-1,-1,-1,-1,-1,-1,-1,-1,-1,-1,-1,-1,-1,-1,-1,-1,-1,-1,-1,-1,1,3,A,1703.4815402526133,DISTID2,24
Sitka,L,mineral,YC20_24,False,10,27,10,27,4,-1,-1,-1,-1,-1,-1,-1,-1,-1,-1,-1,-1,-1,-1,-1,-1,-1,-1,-1,-1,1,3,A,2066.730650776978,DISTID2,24
Sitka,L,mineral,YC17_20,False,10,33,10,33,3,-1,-1,-1,-1,-1,-1,-1,-1,-1,-1,-1,-1,-1,-1,-1,-1,-1,-1,-1,-1,1,3,A,23.68172896021877,DISTID2,24
NFSitka_mineral,A,mineral,YC17_20,False,0,210,0,210,-1,-1,-1,-1,-1,-1,-1,-1,-1,-1,-1,-1,-1,-1,-1,-1,-1,-1,-1,-1,-1,1,3,A,187.84570152712325,DISTID4,24
SGB,L,mineral,YC6,False,10,33,10,33,5,-1,-1,-1,-1,-1,-1,-1,-1,-1,-1,-1,-1,-1,-1,-1,-1,-1,-1,-1,-1,1,3,A,25796.547868894486,DISTID2,24
Sitka,L,mineral,YC17_20,False,10,33,10,33,3,-1,-1,-1,-1,-1,-1,-1,-1,-1,-1,-1,-1,-1,-1,-1,-1,-1,-1,-1,-1,1,3,A,23.68172896021877,DISTID2,25
NFSitka_mineral,A,mineral,YC20_24,False,0,210,0,210,-1,-1,-1,-1,-1,-1,-1,-1,-1,-1,-1,-1,-1,-1,-1,-1,-1,-1,-1,-1,-1,1,3,A,16393.501910901992,DISTID4,25
Sitka,L,mineral,YC20_24,False,10,27,10,27,4,-1,-1,-1,-1,-1,-1,-1,-1,-1,-1,-1,-1,-1,-1,-1,-1,-1,-1,-1,-1,1,3,A,2066.730650776978,DISTID2,25
NFSGB_mineral,A,mineral,YC6,False,0,210,0,210,-1,-1,-1,-1,-1,-1,-1,-1,-1,-1,-1,-1,-1,-1,-1,-1,-1,-1,-1,-1,-1,1,3,A,51593.09573778897,DISTID4,25
SGB,L,mineral,YC6,False,10,33,10,33,5,-1,-1,-1,-1,-1,-1,-1,-1,-1,-1,-1,-1,-1,-1,-1,-1,-1,-1,-1,-1,1,3,A,25796.547868894486,DISTID2,25
Sitka,L,mineral,YC24_30,False,10,26,10,26,4,-1,-1,-1,-1,-1,-1,-1,-1,-1,-1,-1,-1,-1,-1,-1,-1,-1,-1,-1,-1,1,3,A,1703.4815402526133,DISTID2,25
NFSitka_mineral,A,mineral,YC17_20,False,0,210,0,210,-1,-1,-1,-1,-1,-1,-1,-1,-1,-1,-1,-1,-1,-1,-1,-1,-1,-1,-1,-1,-1,1,3,A,187.84570152712325,DISTID4,25
NFSitka_mineral,A,mineral,YC24_30,False,0,210,0,210,-1,-1,-1,-1,-1,-1,-1,-1,-1,-1,-1,-1,-1,-1,-1,-1,-1,-1,-1,-1,-1,1,3,A,13512.175800372836,DISTID4,25
SGB,L,mineral,YC6,False,10,33,10,33,5,-1,-1,-1,-1,-1,-1,-1,-1,-1,-1,-1,-1,-1,-1,-1,-1,-1,-1,-1,-1,1,3,A,25796.547868894486,DISTID2,26
Sitka,L,mineral,YC24_30,False,10,26,10,26,4,-1,-1,-1,-1,-1,-1,-1,-1,-1,-1,-1,-1,-1,-1,-1,-1,-1,-1,-1,-1,1,3,A,1703.4815402526133,DISTID2,26
Sitka,L,mineral,YC20_24,False,10,27,10,27,4,-1,-1,-1,-1,-1,-1,-1,-1,-1,-1,-1,-1,-1,-1,-1,-1,-1,-1,-1,-1,1,3,A,2066.730650776978,DISTID2,26
Sitka,L,mineral,YC17_20,False,10,33,10,33,3,-1,-1,-1,-1,-1,-1,-1,-1,-1,-1,-1,-1,-1,-1,-1,-1,-1,-1,-1,-1,1,3,A,23.68172896021877,DISTID2,26
NFSGB_mineral,A,mineral,YC6,False,0,210,0,210,-1,-1,-1,-1,-1,-1,-1,-1,-1,-1,-1,-1,-1,-1,-1,-1,-1,-1,-1,-1,-1,1,3,A,51593.09573778897,DISTID4,26
NFSitka_mineral,A,mineral,YC24_30,False,0,210,0,210,-1,-1,-1,-1,-1,-1,-1,-1,-1,-1,-1,-1,-1,-1,-1,-1,-1,-1,-1,-1,-1,1,3,A,13512.175800372836,DISTID4,26
NFSitka_mineral,A,mineral,YC17_20,False,0,210,0,210,-1,-1,-1,-1,-1,-1,-1,-1,-1,-1,-1,-1,-1,-1,-1,-1,-1,-1,-1,-1,-1,1,3,A,187.84570152712325,DISTID4,26
NFSitka_mineral,A,mineral,YC20_24,False,0,210,0,210,-1,-1,-1,-1,-1,-1,-1,-1,-1,-1,-1,-1,-1,-1,-1,-1,-1,-1,-1,-1,-1,1,3,A,16393.501910901992,DISTID4,26
NFSitka_mineral,A,mineral,YC17_20,False,0,210,0,210,-1,-1,-1,-1,-1,-1,-1,-1,-1,-1,-1,-1,-1,-1,-1,-1,-1,-1,-1,-1,-1,1,3,A,187.84570152712325,DISTID4,27
NFSitka_mineral,A,mineral,YC24_30,False,0,210,0,210,-1,-1,-1,-1,-1,-1,-1,-1,-1,-1,-1,-1,-1,-1,-1,-1,-1,-1,-1,-1,-1,1,3,A,13512.175800372836,DISTID4,27
NFSGB_mineral,A,mineral,YC6,False,0,210,0,210,-1,-1,-1,-1,-1,-1,-1,-1,-1,-1,-1,-1,-1,-1,-1,-1,-1,-1,-1,-1,-1,1,3,A,51593.09573778897,DISTID4,27
Sitka,L,mineral,YC17_20,False,10,33,10,33,3,-1,-1,-1,-1,-1,-1,-1,-1,-1,-1,-1,-1,-1,-1,-1,-1,-1,-1,-1,-1,1,3,A,23.68172896021877,DISTID2,27
Sitka,L,mineral,YC20_24,False,10,27,10,27,4,-1,-1,-1,-1,-1,-1,-1,-1,-1,-1,-1,-1,-1,-1,-1,-1,-1,-1,-1,-1,1,3,A,2066.730650776978,DISTID2,27
SGB,L,mineral,YC6,False,10,33,10,33,5,-1,-1,-1,-1,-1,-1,-1,-1,-1,-1,-1,-1,-1,-1,-1,-1,-1,-1,-1,-1,1,3,A,25796.547868894486,DISTID2,27
NFSitka_mineral,A,mineral,YC20_24,False,0,210,0,210,-1,-1,-1,-1,-1,-1,-1,-1,-1,-1,-1,-1,-1,-1,-1,-1,-1,-1,-1,-1,-1,1,3,A,16393.501910901992,DISTID4,27
Sitka,L,mineral,YC24_30,False,10,26,10,26,4,-1,-1,-1,-1,-1,-1,-1,-1,-1,-1,-1,-1,-1,-1,-1,-1,-1,-1,-1,-1,1,3,A,1703.4815402526133,DISTID2,27
Sitka,L,mineral,YC17_20,False,10,33,10,33,3,-1,-1,-1,-1,-1,-1,-1,-1,-1,-1,-1,-1,-1,-1,-1,-1,-1,-1,-1,-1,1,3,A,23.68172896021877,DISTID2,28
Sitka,L,mineral,YC24_30,False,27,200,27,200,-1,-1,-1,-1,-1,-1,-1,-1,-1,-1,-1,-1,-1,-1,-1,-1,-1,-1,-1,-1,-1,1,3,A,12836.567010354192,DISTID1,28
Sitka,L,mineral,YC24_30,False,10,26,10,26,4,-1,-1,-1,-1,-1,-1,-1,-1,-1,-1,-1,-1,-1,-1,-1,-1,-1,-1,-1,-1,1,3,A,1703.4815402526133,DISTID2,28
SGB,L,mineral,YC6,False,10,33,10,33,5,-1,-1,-1,-1,-1,-1,-1,-1,-1,-1,-1,-1,-1,-1,-1,-1,-1,-1,-1,-1,1,3,A,25796.547868894486,DISTID2,28
NFSGB_mineral,A,mineral,YC6,False,0,210,0,210,-1,-1,-1,-1,-1,-1,-1,-1,-1,-1,-1,-1,-1,-1,-1,-1,-1,-1,-1,-1,-1,1,3,A,51593.09573778897,DISTID4,28
NFSitka_mineral,A,mineral,YC24_30,False,0,210,0,210,-1,-1,-1,-1,-1,-1,-1,-1,-1,-1,-1,-1,-1,-1,-1,-1,-1,-1,-1,-1,-1,1,3,A,13512.175800372836,DISTID4,28
NFSitka_mineral,A,mineral,YC20_24,False,0,210,0,210,-1,-1,-1,-1,-1,-1,-1,-1,-1,-1,-1,-1,-1,-1,-1,-1,-1,-1,-1,-1,-1,1,3,A,16393.501910901992,DISTID4,28
NFSitka_mineral,A,mineral,YC17_20,False,0,210,0,210,-1,-1,-1,-1,-1,-1,-1,-1,-1,-1,-1,-1,-1,-1,-1,-1,-1,-1,-1,-1,-1,1,3,A,187.84570152712325,DISTID4,28
Sitka,L,mineral,YC20_24,False,10,27,10,27,4,-1,-1,-1,-1,-1,-1,-1,-1,-1,-1,-1,-1,-1,-1,-1,-1,-1,-1,-1,-1,1,3,A,2066.730650776978,DISTID2,28
Sitka,L,mineral,YC17_20,False,28,200,28,200,-1,-1,-1,-1,-1,-1,-1,-1,-1,-1,-1,-1,-1,-1,-1,-1,-1,-1,-1,-1,-1,1,3,A,178.4534164507671,DISTID1,29
Sitka,L,mineral,YC17_20,False,10,33,10,33,3,-1,-1,-1,-1,-1,-1,-1,-1,-1,-1,-1,-1,-1,-1,-1,-1,-1,-1,-1,-1,1,3,A,23.68172896021877,DISTID2,29
Sitka,L,mineral,YC20_24,False,28,200,28,200,-1,-1,-1,-1,-1,-1,-1,-1,-1,-1,-1,-1,-1,-1,-1,-1,-1,-1,-1,-1,-1,1,3,A,15573.826815356892,DISTID1,29
Sitka,L,mineral,YC20_24,False,10,27,10,27,4,-1,-1,-1,-1,-1,-1,-1,-1,-1,-1,-1,-1,-1,-1,-1,-1,-1,-1,-1,-1,1,3,A,2066.730650776978,DISTID2,29
Sitka,L,mineral,YC24_30,False,27,200,27,200,-1,-1,-1,-1,-1,-1,-1,-1,-1,-1,-1,-1,-1,-1,-1,-1,-1,-1,-1,-1,-1,1,3,A,641.8283505177102,DISTID1,29
Sitka,L,mineral,YC24_30,False,10,26,10,26,4,-1,-1,-1,-1,-1,-1,-1,-1,-1,-1,-1,-1,-1,-1,-1,-1,-1,-1,-1,-1,1,3,A,1703.4815402526133,DISTID2,29
SGB,L,mineral,YC6,False,10,33,10,33,5,-1,-1,-1,-1,-1,-1,-1,-1,-1,-1,-1,-1,-1,-1,-1,-1,-1,-1,-1,-1,1,3,A,25796.547868894486,DISTID2,29
NFSitka_mineral,A,mineral,YC17_20,False,0,210,0,210,-1,-1,-1,-1,-1,-1,-1,-1,-1,-1,-1,-1,-1,-1,-1,-1,-1,-1,-1,-1,-1,1,3,A,187.84570152712325,DISTID4,29
NFSitka_mineral,A,mineral,YC20_24,False,0,210,0,210,-1,-1,-1,-1,-1,-1,-1,-1,-1,-1,-1,-1,-1,-1,-1,-1,-1,-1,-1,-1,-1,1,3,A,16393.501910901992,DISTID4,29
NFSitka_mineral,A,mineral,YC24_30,False,0,210,0,210,-1,-1,-1,-1,-1,-1,-1,-1,-1,-1,-1,-1,-1,-1,-1,-1,-1,-1,-1,-1,-1,1,3,A,13512.175800372836,DISTID4,29
NFSGB_mineral,A,mineral,YC6,False,0,210,0,210,-1,-1,-1,-1,-1,-1,-1,-1,-1,-1,-1,-1,-1,-1,-1,-1,-1,-1,-1,-1,-1,1,3,A,51593.09573778897,DISTID4,29
Sitka,L,mineral,YC24_30,False,27,200,27,200,-1,-1,-1,-1,-1,-1,-1,-1,-1,-1,-1,-1,-1,-1,-1,-1,-1,-1,-1,-1,-1,1,3,A,12836.567010354192,DISTID1,29
Sitka,L,mineral,YC17_20,False,28,200,28,200,-1,-1,-1,-1,-1,-1,-1,-1,-1,-1,-1,-1,-1,-1,-1,-1,-1,-1,-1,-1,-1,1,3,A,178.4534164507671,DISTID1,30
Sitka,L,mineral,YC17_20,False,10,33,10,33,3,-1,-1,-1,-1,-1,-1,-1,-1,-1,-1,-1,-1,-1,-1,-1,-1,-1,-1,-1,-1,1,3,A,23.68172896021877,DISTID2,30
Sitka,L,mineral,YC20_24,False,28,200,28,200,-1,-1,-1,-1,-1,-1,-1,-1,-1,-1,-1,-1,-1,-1,-1,-1,-1,-1,-1,-1,-1,1,3,A,778.6913407678453,DISTID1,30
Sitka,L,mineral,YC20_24,False,28,200,28,200,-1,-1,-1,-1,-1,-1,-1,-1,-1,-1,-1,-1,-1,-1,-1,-1,-1,-1,-1,-1,-1,1,3,A,15573.826815356892,DISTID1,30
Sitka,L,mineral,YC24_30,False,27,200,27,200,-1,-1,-1,-1,-1,-1,-1,-1,-1,-1,-1,-1,-1,-1,-1,-1,-1,-1,-1,-1,-1,1,3,A,641.8283505177102,DISTID1,30
Sitka,L,mineral,YC24_30,False,27,200,27,200,-1,-1,-1,-1,-1,-1,-1,-1,-1,-1,-1,-1,-1,-1,-1,-1,-1,-1,-1,-1,-1,1,3,A,32.09141752588554,DISTID1,30
Sitka,L,mineral,YC24_30,False,27,200,27,200,-1,-1,-1,-1,-1,-1,-1,-1,-1,-1,-1,-1,-1,-1,-1,-1,-1,-1,-1,-1,-1,1,3,A,12836.567010354192,DISTID1,30
Sitka,L,mineral,YC24_30,False,10,26,10,26,4,-1,-1,-1,-1,-1,-1,-1,-1,-1,-1,-1,-1,-1,-1,-1,-1,-1,-1,-1,-1,1,3,A,1703.4815402526133,DISTID2,30
SGB,L,mineral,YC6,False,10,33,10,33,5,-1,-1,-1,-1,-1,-1,-1,-1,-1,-1,-1,-1,-1,-1,-1,-1,-1,-1,-1,-1,1,3,A,25796.547868894486,DISTID2,30
Sitka,L,mineral,YC20_24,False,10,27,10,27,4,-1,-1,-1,-1,-1,-1,-1,-1,-1,-1,-1,-1,-1,-1,-1,-1,-1,-1,-1,-1,1,3,A,2066.730650776978,DISTID2,30
Sitka,L,mineral,YC17_20,False,28,200,28,200,-1,-1,-1,-1,-1,-1,-1,-1,-1,-1,-1,-1,-1,-1,-1,-1,-1,-1,-1,-1,-1,1,3,A,8.922670822538361,DISTID1,30
NFSGB_mineral,A,mineral,YC6,False,0,210,0,210,-1,-1,-1,-1,-1,-1,-1,-1,-1,-1,-1,-1,-1,-1,-1,-1,-1,-1,-1,-1,-1,1,3,A,51593.09573778897,DISTID4,30
NFSitka_mineral,A,mineral,YC24_30,False,0,210,0,210,-1,-1,-1,-1,-1,-1,-1,-1,-1,-1,-1,-1,-1,-1,-1,-1,-1,-1,-1,-1,-1,1,3,A,13512.175800372836,DISTID4,30
NFSitka_mineral,A,mineral,YC20_24,False,0,210,0,210,-1,-1,-1,-1,-1,-1,-1,-1,-1,-1,-1,-1,-1,-1,-1,-1,-1,-1,-1,-1,-1,1,3,A,16393.501910901992,DISTID4,30
NFSitka_mineral,A,mineral,YC17_20,False,0,210,0,210,-1,-1,-1,-1,-1,-1,-1,-1,-1,-1,-1,-1,-1,-1,-1,-1,-1,-1,-1,-1,-1,1,3,A,187.84570152712325,DISTID4,30
Sitka,L,mineral,YC17_20,False,10,33,10,33,3,-1,-1,-1,-1,-1,-1,-1,-1,-1,-1,-1,-1,-1,-1,-1,-1,-1,-1,-1,-1,1,3,A,23.68172896021877,DISTID2,31
Sitka,L,mineral,YC24_30,False,27,200,27,200,-1,-1,-1,-1,-1,-1,-1,-1,-1,-1,-1,-1,-1,-1,-1,-1,-1,-1,-1,-1,-1,1,3,A,641.8283505177102,DISTID1,31
Sitka,L,mineral,YC24_30,False,27,200,27,200,-1,-1,-1,-1,-1,-1,-1,-1,-1,-1,-1,-1,-1,-1,-1,-1,-1,-1,-1,-1,-1,1,3,A,32.09141752588554,DISTID1,31
Sitka,L,mineral,YC24_30,False,27,200,27,200,-1,-1,-1,-1,-1,-1,-1,-1,-1,-1,-1,-1,-1,-1,-1,-1,-1,-1,-1,-1,-1,1,3,A,1.6045708762942783,DISTID1,31
Sitka,L,mineral,YC20_24,False,10,27,10,27,4,-1,-1,-1,-1,-1,-1,-1,-1,-1,-1,-1,-1,-1,-1,-1,-1,-1,-1,-1,-1,1,3,A,2066.730650776978,DISTID2,31
Sitka,L,mineral,YC20_24,False,28,200,28,200,-1,-1,-1,-1,-1,-1,-1,-1,-1,-1,-1,-1,-1,-1,-1,-1,-1,-1,-1,-1,-1,1,3,A,15573.826815356892,DISTID1,31
Sitka,L,mineral,YC20_24,False,28,200,28,200,-1,-1,-1,-1,-1,-1,-1,-1,-1,-1,-1,-1,-1,-1,-1,-1,-1,-1,-1,-1,-1,1,3,A,778.6913407678453,DISTID1,31
Sitka,L,mineral,YC20_24,False,28,200,28,200,-1,-1,-1,-1,-1,-1,-1,-1,-1,-1,-1,-1,-1,-1,-1,-1,-1,-1,-1,-1,-1,1,3,A,38.9345670383923,DISTID1,31
SGB,L,mineral,YC6,False,10,33,10,33,5,-1,-1,-1,-1,-1,-1,-1,-1,-1,-1,-1,-1,-1,-1,-1,-1,-1,-1,-1,-1,1,3,A,25796.547868894486,DISTID2,31
Sitka,L,mineral,YC17_20,False,28,200,28,200,-1,-1,-1,-1,-1,-1,-1,-1,-1,-1,-1,-1,-1,-1,-1,-1,-1,-1,-1,-1,-1,1,3,A,178.4534164507671,DISTID1,31
Sitka,L,mineral,YC17_20,False,28,200,28,200,-1,-1,-1,-1,-1,-1,-1,-1,-1,-1,-1,-1,-1,-1,-1,-1,-1,-1,-1,-1,-1,1,3,A,0.4461335411269185,DISTID1,31
Sitka,L,mineral,YC24_30,False,27,200,27,200,-1,-1,-1,-1,-1,-1,-1,-1,-1,-1,-1,-1,-1,-1,-1,-1,-1,-1,-1,-1,-1,1,3,A,12836.567010354192,DISTID1,31
NFSitka_mineral,A,mineral,YC17_20,False,0,210,0,210,-1,-1,-1,-1,-1,-1,-1,-1,-1,-1,-1,-1,-1,-1,-1,-1,-1,-1,-1,-1,-1,1,3,A,187.84570152712325,DISTID4,31
NFSitka_mineral,A,mineral,YC20_24,False,0,210,0,210,-1,-1,-1,-1,-1,-1,-1,-1,-1,-1,-1,-1,-1,-1,-1,-1,-1,-1,-1,-1,-1,1,3,A,16393.501910901992,DISTID4,31
NFSitka_mineral,A,mineral,YC24_30,False,0,210,0,210,-1,-1,-1,-1,-1,-1,-1,-1,-1,-1,-1,-1,-1,-1,-1,-1,-1,-1,-1,-1,-1,1,3,A,13512.175800372836,DISTID4,31
NFSGB_mineral,A,mineral,YC6,False,0,210,0,210,-1,-1,-1,-1,-1,-1,-1,-1,-1,-1,-1,-1,-1,-1,-1,-1,-1,-1,-1,-1,-1,1,3,A,51593.09573778897,DISTID4,31
Sitka,L,mineral,YC17_20,False,28,200,28,200,-1,-1,-1,-1,-1,-1,-1,-1,-1,-1,-1,-1,-1,-1,-1,-1,-1,-1,-1,-1,-1,1,3,A,8.922670822538361,DISTID1,31
Sitka,L,mineral,YC24_30,False,10,26,10,26,4,-1,-1,-1,-1,-1,-1,-1,-1,-1,-1,-1,-1,-1,-1,-1,-1,-1,-1,-1,-1,1,3,A,1703.4815402526133,DISTID2,31
Sitka,L,mineral,YC24_30,False,27,200,27,200,-1,-1,-1,-1,-1,-1,-1,-1,-1,-1,-1,-1,-1,-1,-1,-1,-1,-1,-1,-1,-1,1,3,A,0.08022854381471399,DISTID1,32
Sitka,L,mineral,YC20_24,False,10,27,10,27,4,-1,-1,-1,-1,-1,-1,-1,-1,-1,-1,-1,-1,-1,-1,-1,-1,-1,-1,-1,-1,1,3,A,2066.730650776978,DISTID2,32
Sitka,L,mineral,YC20_24,False,28,200,28,200,-1,-1,-1,-1,-1,-1,-1,-1,-1,-1,-1,-1,-1,-1,-1,-1,-1,-1,-1,-1,-1,1,3,A,15573.826815356892,DISTID1,32
Sitka,L,mineral,YC24_30,False,27,200,27,200,-1,-1,-1,-1,-1,-1,-1,-1,-1,-1,-1,-1,-1,-1,-1,-1,-1,-1,-1,-1,-1,1,3,A,32.09141752588554,DISTID1,32
Sitka,L,mineral,YC20_24,False,28,200,28,200,-1,-1,-1,-1,-1,-1,-1,-1,-1,-1,-1,-1,-1,-1,-1,-1,-1,-1,-1,-1,-1,1,3,A,778.6913407678453,DISTID1,32
Sitka,L,mineral,YC24_30,False,27,200,27,200,-1,-1,-1,-1,-1,-1,-1,-1,-1,-1,-1,-1,-1,-1,-1,-1,-1,-1,-1,-1,-1,1,3,A,12836.567010354192,DISTID1,32
Sitka,L,mineral,YC24_30,False,27,200,27,200,-1,-1,-1,-1,-1,-1,-1,-1,-1,-1,-1,-1,-1,-1,-1,-1,-1,-1,-1,-1,-1,1,3,A,641.8283505177102,DISTID1,32
Sitka,L,mineral,YC24_30,False,27,200,27,200,-1,-1,-1,-1,-1,-1,-1,-1,-1,-1,-1,-1,-1,-1,-1,-1,-1,-1,-1,-1,-1,1,3,A,1.6045708762942783,DISTID1,32
Sitka,L,mineral,YC20_24,False,28,200,28,200,-1,-1,-1,-1,-1,-1,-1,-1,-1,-1,-1,-1,-1,-1,-1,-1,-1,-1,-1,-1,-1,1,3,A,38.9345670383923,DISTID1,32
NFSitka_mineral,A,mineral,YC20_24,False,0,210,0,210,-1,-1,-1,-1,-1,-1,-1,-1,-1,-1,-1,-1,-1,-1,-1,-1,-1,-1,-1,-1,-1,1,3,A,16393.501910901992,DISTID4,32
Sitka,L,mineral,YC17_20,False,10,33,10,33,3,-1,-1,-1,-1,-1,-1,-1,-1,-1,-1,-1,-1,-1,-1,-1,-1,-1,-1,-1,-1,1,3,A,23.68172896021877,DISTID2,32
Sitka,L,mineral,YC17_20,False,28,200,28,200,-1,-1,-1,-1,-1,-1,-1,-1,-1,-1,-1,-1,-1,-1,-1,-1,-1,-1,-1,-1,-1,1,3,A,178.4534164507671,DISTID1,32
Sitka,L,mineral,YC17_20,False,28,200,28,200,-1,-1,-1,-1,-1,-1,-1,-1,-1,-1,-1,-1,-1,-1,-1,-1,-1,-1,-1,-1,-1,1,3,A,8.922670822538361,DISTID1,32
Sitka,L,mineral,YC17_20,False,28,200,28,200,-1,-1,-1,-1,-1,-1,-1,-1,-1,-1,-1,-1,-1,-1,-1,-1,-1,-1,-1,-1,-1,1,3,A,0.4461335411269185,DISTID1,32
Sitka,L,mineral,YC17_20,False,28,200,28,200,-1,-1,-1,-1,-1,-1,-1,-1,-1,-1,-1,-1,-1,-1,-1,-1,-1,-1,-1,-1,-1,1,3,A,0.022306677056345946,DISTID1,32
NFSGB_mineral,A,mineral,YC6,False,0,210,0,210,-1,-1,-1,-1,-1,-1,-1,-1,-1,-1,-1,-1,-1,-1,-1,-1,-1,-1,-1,-1,-1,1,3,A,51593.09573778897,DISTID4,32
NFSitka_mineral,A,mineral,YC24_30,False,0,210,0,210,-1,-1,-1,-1,-1,-1,-1,-1,-1,-1,-1,-1,-1,-1,-1,-1,-1,-1,-1,-1,-1,1,3,A,13512.175800372836,DISTID4,32
Sitka,L,mineral,YC24_30,False,10,26,10,26,4,-1,-1,-1,-1,-1,-1,-1,-1,-1,-1,-1,-1,-1,-1,-1,-1,-1,-1,-1,-1,1,3,A,1703.4815402526133,DISTID2,32
NFSitka_mineral,A,mineral,YC17_20,False,0,210,0,210,-1,-1,-1,-1,-1,-1,-1,-1,-1,-1,-1,-1,-1,-1,-1,-1,-1,-1,-1,-1,-1,1,3,A,187.84570152712325,DISTID4,32
Sitka,L,mineral,YC20_24,False,28,200,28,200,-1,-1,-1,-1,-1,-1,-1,-1,-1,-1,-1,-1,-1,-1,-1,-1,-1,-1,-1,-1,-1,1,3,A,1.946728351919617,DISTID1,32
SGB,L,mineral,YC6,False,10,33,10,33,5,-1,-1,-1,-1,-1,-1,-1,-1,-1,-1,-1,-1,-1,-1,-1,-1,-1,-1,-1,-1,1,3,A,25796.547868894486,DISTID2,32
